Row,Var1,Var2,Var3,Var4,Var5,Var6,Var7,Var8,Var9,Var10,Var11,Var12,Var13,Var14,Var15,Var16,Var17,Var18,Var19,Var20,Var21,Var22,Var23,Var24,Var25,Var26,Var27,Var28,Var29,Var30,Var31,Var32,Var33,Var34,Var35,Var36,Var37,Var38,Var39,Var40,Var41,Var42,Var43,Var44,Var45,Var46,Var47,Var48,Var49,Var50,Var51,Var52,Var53,Var54,Var55,Var56,Var57,Var58,Var59,Var60,Var61,Var62,Var63,Var64,Var65,Var66,Var67,Var68,Var69,Var70,Var71,Var72,Var73,Var74,Var75,Var76,Var77,Var78,Var79,Var80,Var81,Var82,Var83,Var84,Var85,Var86,Var87,Var88,Var89,Var90,Var91,Var92,Var93,Var94,Var95,Var96,Var97,Var98,Var99,Var100
FGFR4i,2.53787257257954,1.11388345017874,8.14828573364544,30.0824353720071,1.54986022360132,1.17319781755559,5.93814757824233,3.43390542123964,1.1516045802202,34.8117207964943,1.61970259888638,1.04388057344769,1.62669434663202,2.22042867540525,0.990938579406035,74.9358409173773,0.820526848500762,1.04773059497956,2.37732102091539,7.01659398321621,1.63039504113556,1.08682799138286,2.22914741687449,3.81980271228047,1.07347960230939,1.52589641818073,1.23206276539525,1.13885822133119,63.1258013944329,1.6964340860122,17.6989542223901,3.55920497430115,0.9726107615731,1.22385981152854,1.0301543389472,1.21194001453666,1.84805345670026,6.06116716292472,100.194465442595,10.7628693485343,2.29904123042327,2.51390921397292,13.667600722183,0.814306805594708,1.72961405400594,0.781490975898584,4.8013330525194,1.32814901033142,1.70030795753304,2.06062125651898,2.3580752443464,1.77092189960759,1.19239415240295,17.1835273037226,1.68464288195539,0.693713782925062,3.05027239373459,5.26332954990953,4.06708852789103,2.95789495911636,2.8911652755583,6.38952320250935,2.88403780959689,2.84798688518445,4.03210226939624,6.92982558858196,1.03472999929974,3.8930780009533,0.966964355723543,7.23488823567571,3.03072176785065,6.2525437966009,1.3160048216874,1.53679188610539,3.24498366102536,69.7926043443495,1.22068895132083,1.87933156842449,2.71237067527838,1.18349205439599,1.8280519656527,11.8472391568208,2.31946994774954,2.80166838139466,2.91551566279149,2.7938730833555,10.9783007627457,1.68011677455413,1.15458112444905,1.72296478762489,3.68247833302832,1.143960935315,12.6286098798341,2.9163456796939,2.94488256926303,2.53088928670415,2.90582317317339,12.3204520689405,2.34899768445459,1.16652018028453
ERBBi,2.8009481105062,1.49034097433114,3.77541938556213,2.16340714712408,1.86060935311434,1.18569901522597,2.67378329980099,1.06342470642008,2.44802463935348,3.20536684462007,2.72346716180846,1.74244333797918,1.09068504743266,0.940433278109457,1.2989783581068,1.951521311,1.47396637796221,1.26260905111172,1.21187901300386,1.64455685320929,1.95853382328983,1.29925304072819,1.61995064567292,0.855288627333774,2.27427645737791,1.16203932802348,1.49864724106939,1.10102393469569,1.56562742925856,1.72519495178597,1.94913472568816,1.88450225963054,1.14694427997361,1.08646044959161,1.08085834664822,0.79976826659158,1.02752010641687,1.73762133703109,1.36969745194775,2.58276883567403,1.22232329486616,2.3979468957162,1.59275533136572,0.809131021160401,2.39982765082771,1.03765494446819,2.414958597444,1.19629872280089,1.18218507834943,1.60962233470662,1.68590058821904,1.70900087570558,3.79001584486702,0.583061562969048,1.75623646647978,1.00393374365468,1.15963617236924,1.28697190201175,1.18403611557806,1.13508257919945,1.87365915176946,1.53862269222411,0.8063990857642,2.25758516862928,1.30519324182025,2.44738996503136,0.875010117133843,1.54431192247685,1.63036160855467,1.53952244957633,1.01948134477872,1.0239826345136,1.72165268873543,1.32992059625257,1.07308509272197,3.055539555864,1.64798573273786,0.902955294575272,0.997549860706111,1.17438673557926,1.52031076555008,1.1198108456717,1.59784044778568,1.12705466699839,1.18512182730373,1.1374241618787,1.04283721177987,1.17258512283816,1.18007924060629,1.03030640309904,1.10779500710334,1.81572352063864,1.05895539591146,1.12540748122281,1.22971062888106,1.10876958632945,1.49137686131265,1.11627396772154,3.14384942826004,1.14424965803274
Akti,0.827812667508171,0.828522558988616,0.68047269666683,1.70371637427047,0.375630243701421,0.937778526070107,1.03694435270848,1.15344751280982,0.519998288685975,0.508126225081828,1.12592783357467,0.0661399356755401,0.793948726404037,0.748829980639999,0.452969861535459,0.318062143900705,0.495781733273005,0.555835638703418,0.685574296021857,0.325416760793102,0.770745069492801,0.993868783022407,0.418642504066866,0.762219259999913,0.0689949457999392,0.664198683836683,0.734021259238725,0.765788093185357,0.662169728428431,0.429142680375179,1.01862621487652,0.981849995839485,0.841728740130773,0.929822755113188,0.849395535288239,0.533677887422102,0.806813529837449,0.369763954997561,0.62014699473048,1.86641559902514,0.513753810644755,0.694828280351549,0.407427564711942,0.364572758349204,1.84037841909663,0.468948443916452,1.59560836634221,0.593477033526361,0.81152371295316,0.347091579160124,0.44480510660294,0.888156949568903,1.1222861786217,0.580410257225677,1.01579167679731,0.336255612029242,1.03784060143296,0.88970919464137,0.993793194824308,0.0581726734394264,0.925480167954308,1.02383173018728,0.608374464393964,1.0215152383887,0.5474631057755,1.10052599072159,0.62431961589377,0.979885620786705,0.868122786114919,1.02780490759613,0.991883748103958,0.860098371334471,0.960737860832754,0.824311811107873,0.87073624328836,0.65985911193327,0.926055766683801,0.899569257577355,0.780155640916327,0.630485878100274,1.01635232590095,1.05107352352452,0.327186697095395,0.431927902913904,0.305295704434736,0.448915551079047,0.542819022142736,0.548531972407877,0.755609555765747,0.327254061847302,0.949592027813995,0.858365870157458,1.09254218847209,0.441852163590419,0.968202388542426,0.243379529068091,0.842337533816459,1.10392074957933,2.05691109785374,0.0552870969132748
PDK1i,0.834519825459175,0.828498619448968,0.679894332986366,0.875739268571223,0.394343482277724,0.936637356238711,0.888082312309005,0.901410697177371,0.524254608712623,0.510448782219722,0.889950492129511,0.0664938438480159,0.794453634593741,0.737654221495732,0.453115171538541,0.308563141151453,0.480685707205772,0.555826743916399,0.685561469991091,0.316104414948849,0.776296304892772,0.993837852449248,0.401606523440271,0.762148060975621,0.0718459008226698,0.657973817776793,0.731393224899711,0.765330413218877,0.662165191600677,0.42971763741905,1.0199739097738,0.982312225708573,0.842259965734128,0.984436769964844,0.850784506530899,0.533653675763639,0.778790854138872,0.367564791177811,0.724680270264644,0.900802655435421,0.513761601657133,0.594143896500308,0.397229718891187,0.36241740377181,0.879971695417966,0.465993138354711,0.885050934954536,0.591056419877573,0.8114928889555,0.348129254912691,0.445707020093789,0.889850196555162,1.21954145692349,0.580301071720441,0.922974961466205,0.326468283268585,1.0167453445879,0.893557824854808,0.999359379024302,0.0536081974705657,0.92546599613669,1.01456571722803,0.608264442016824,1.0215559501067,0.464390839970877,0.806332694804542,0.624162456514172,0.979640115532215,0.650237223941152,1.05758013121858,0.979057869386861,0.860089452438968,0.960772784683919,0.825040318750096,0.719086130948758,0.519578777710297,0.926013205239352,0.899351678921414,0.776460141214143,0.543986652719867,1.01533943250974,0.833927797980796,0.323960939275952,0.432245779460734,0.302669558116636,0.44684241364391,0.541543941913956,0.552709385224606,0.680509564156527,0.327389598900535,0.781156339746544,0.862262269308312,0.904580861155964,0.442192982123091,0.771993421602653,0.241899833902957,0.629302277652872,0.896572865507257,0.976229163904273,0.0552206843260137
IGFRi,1.03651578752805,1.00365371355842,1.03283482717209,1.02372705331526,1.01795436359702,1.06894181052758,1.02223808531897,1.01764789670112,1.01795120603304,1.02005000691207,1.03194941585097,1.02414481815361,1.0054308068497,1.0690549731556,1.02262314399359,1.02326885284573,1.44203451537353,1.01182091770297,1.02497093359124,1.02614905056383,1.01787543543907,1.02376062623387,1.01541899918913,1.00322963502894,1.01851407714862,1.02302499367562,0.921274131804167,1.03090579806621,1.0059172981761,1.01803603614502,1.02224997966567,1.03435355469654,1.03902734812854,1.01884860848087,1.0058982058711,1.01858122957877,1.03066410680635,1.02147780084333,1.01738338916555,1.02707845559529,0.988841087698772,1.03034315008677,1.019015888204,1.00369231683286,1.01775072173213,0.946507028540244,1.01781075412251,1.00229540177298,0.990700678188556,1.04121837234393,1.02362619372868,0.983010934087478,1.0589508674599,1.03390003698924,0.962053507827045,1.01722283718795,1.0185613689997,1.01859499646112,1.01776997000851,1.00539034571212,1.01218565787047,1.05094876303238,1.06367619397772,1.03437449737827,1.05214841580707,1.07944682611677,0.897260292961978,1.01780054588688,1.06511126485646,1.05332421312972,1.01150721816016,0.954869001257932,0.994643298563703,1.01145188726511,1.02201223789535,1.05497584654371,1.0315985273649,1.01968523261243,1.02400986058106,1.05131547105512,1.01801063467237,1.0226479198468,1.01900603456504,1.06377674023544,1.01976420736187,1.05677833824457,1.03143944475257,1.01826541093828,1.04336068206097,1.02731474146927,1.02881605435663,1.0613106829205,1.01864008803654,1.06366273944084,1.02855121762143,1.01872452460396,1.02022877927969,1.01692392175477,1.03289485881081,1.01253703171969
IRSi,1.02504329059927,1.28077324383512,1.03740300459879,1.02502537421665,1.02315131892283,1.17712735030678,1.02684193883562,1.05412471318634,1.01803538862761,1.0229424788655,1.03401030807691,1.08879650442018,1.04216034761091,1.07128597745061,1.04929611058495,1.11884240957899,1.45996889163023,1.03523091949745,1.03252058070206,1.09102863184743,1.0224219321121,1.04629614336821,1.06624803580302,1.03490874793269,1.06229340787038,1.09233153829606,0.965058244807792,1.04598377224536,1.03567525114396,1.064614217912,1.01957695904716,1.02629291016903,1.12863409063126,1.01785794846072,1.02460858994168,1.01786499379664,1.03442206319878,1.06110657384925,1.01991363127085,1.02376097530471,1.01577141982426,1.05355534814698,1.06495858753798,1.02873652039026,1.02551749930746,0.981747060643971,1.02331615747305,1.03730297028764,1.00320784428686,1.06381082747947,1.06274743447738,1.00203513061997,1.02105592249481,1.02575048157328,1.35211063779238,1.02259598724967,1.02341509261753,1.03517836891493,1.02338852291111,1.03262662120901,1.01362251673671,1.1160624375143,1.13285279013679,1.03664754297196,1.08606371617864,1.04114000435173,0.9520608437531,1.02247406526939,1.22086229011136,1.02379116346367,1.02223165556042,1.02331627593637,0.995770077028051,1.05192720515512,1.02831899771328,1.0445421297088,1.17579762175681,1.02482130979121,1.0225461596676,1.39867546633336,1.02236142210627,1.03406289629839,1.04054187110867,1.02859737360933,1.06856023946669,1.07975033577764,1.16431389576584,1.03405702626951,1.50164954635363,1.02777966133941,1.02118175430281,1.0533086927249,1.02831729736387,1.02394292189349,1.33933625818424,1.03238187314531,1.0235326022201,1.02749915434388,1.03280821810437,1.27147838861555
Cbli,1.01744453902031,0.980796061953073,1.01744587985669,1.03568760840284,1.16075611438737,NaN,1.03872110968976,3.07821196777482,1.0174451850564,1.05433154888862,1.05035458468263,1.03556069791693,1.38551177313779,1.34204767874073,1.04999431593831,1.04299887439428,0.777075438390747,NaN,1.02620518173409,1.09571233060319,1.14020813325668,1.00484198815324,1268147.04147116,1.24032058369874,508.171383361818,1.20877939785492,0.939135779894851,526783.736666232,1.02374434738304,16189.4106481567,1.08904936510005,1.9020346741589,0.94157673419908,271688.880339141,1557377.03763704,0.950374081821798,1.26723243195597,1.01744585505986,1.01787570069781,1.04363219862684,1366301.29974152,0.977923027371223,1.04106311264357,0.621364860636232,1.16323019777161,0.674050087157546,1.07679461696807,0.781556636610045,1.01676682643269,1.01743820618985,1.01744410463695,0.981448520229965,1.01744632846727,1.35293947350278,0.97580485247384,0.665583146005694,1.04959703224492,1.08027692386949,1.01844390363608,1.40642414291477,1.01737890801318,1.5852034150971,2.94393588272884,1.01744733629887,1.22378347531559,1.11122869456948,1.11100842983013,1.61474507569045,1.81521910840736,1.70972651556604,2.91262096760335,1.71356496052712,0.971811927326992,23353.5963369982,1.74509470775387,1.02454429592187,4.2218988142332,39413.1414623305,1.11201441478668,0.958840515827027,85.244512363261,1.22612050844258,1.06044808521789,1.23477478989689,1.17035793144714,1.25048632923135,1.11253971417864,1.6765247790635,0.870270291056339,2.05842388662337,2.31533933353094,1.27448894521505,1.16559188621005,1.25638983923407,1.30880084415954,1.40320101287347,1.1997658733892,1.15257598963179,0.966276751545099,1.09529883414826
Sosi,1.01768922193898,1.01757214572336,1.01745093558877,1.01744688919187,1.09251249228152,1.01867974231897,1.01848986376817,1.01744778221996,1.01744597513494,1.01744645073163,1.01753621557479,1.01751725136072,1.01744590097901,1.49574634135174,1.01753713280372,1.01745429851272,1.01744759408335,1.0174827432499,1.01747176158179,1.01777544021801,1.02704234693303,1.01804432378689,1.01744591075888,1.20961565689037,1.01744645906073,1.01744644407113,1.01746445999586,1.01744854309207,1.01757802588678,1.01754419871272,1.017446192709,1.01793870408781,1.02210064265591,1.69354487077731,1.01835035370807,1.01746244284072,1.9674599674696,1.01744599297718,1.01744781293661,8.88384649388492,1.02335044044901,1.01744611282919,1.22990778409255,1.01744818090549,1.0174931887695,1.01744366811925,1.01744638196694,1.01745068195491,1.01744597572835,1.01744881167196,1.01744609149447,1.0174482785624,1.01744588722685,1.01748126775404,1.01744634225994,1.0174461299736,1.01747266830809,1.02186045968833,1.01744589462248,1.01744569222652,2.15335925172896,1.0315455928142,1.01744630641404,1.01744771819776,1.01746541417742,1.01744592845006,2.89110198577474,1.01766912360519,1.01949308322585,1.01755075111265,1.01767230481253,1.0174458696418,1.01744791378853,1.0231515689307,1.01764402407376,1.01744620513863,1.01744602039727,4.44698132000506,1.0222104145919,1.01744586262621,1.01948581012674,1.01744714249105,1.01744629585597,1.02025937297219,1.01744586050203,1.01746222032639,1.01744680336809,1.01744665938518,1.01744566539577,1.01745084139097,1.01746248548207,1.02423288337664,1.01745150712593,1.01992683783184,1.01744591229401,1.01747270378964,1.01746184875358,1.01748742775544,1.01762640122096,1.01744590946229
PI3Ki,0.348354121754756,0.578604614384868,0.272838113708968,0.23450286599067,0.0471797584107534,0.537089440194617,0.299357476128555,0.437053598582252,0.318639969407384,0.228884884579724,0.0623488359022858,0.0438357556438519,0.476261346103464,0.76830035709413,0.242545760452567,0.0599947483669196,0.321798768865794,0.339679628183899,0.600726999710482,0.0591595617120924,0.236967718242987,0.993859159269365,0.0979257772147565,0.769294199644327,0.0408655462511452,0.477363299936514,0.700322959780112,0.247963919894918,0.62534626232483,0.0771530283708732,1.91566333538261,1.79254613284453,0.842959980717175,0.931589321092954,0.860566597916661,0.534723136398976,0.371390301041556,0.0922535953099727,0.506849726976238,0.0664506356281215,0.42175638908656,0.309468213662321,0.0658153939304967,0.266223907343902,0.349075897456982,0.388410341749874,0.290857757409431,0.507456284463766,0.815714467853401,0.0566036056015472,0.185005778097167,0.965302597855033,0.0358864286697234,0.58051389887206,0.928862665161269,0.0546622002630363,1.06015617427987,0.873565062852492,0.83739352908136,0.0275475441080624,0.879907450251236,0.770560662121937,0.797007971073582,1.02748230797522,0.0710275182745439,0.0583074692934371,0.624237598701318,1.43830108899127,0.0732301475890762,1.7152885484136,0.76617320414487,0.910294541991127,0.993326069959659,0.494968731021689,0.383257247004677,0.0681121581080842,0.985190813945914,0.917143629239476,0.716273088384706,0.345899802508317,1.52551804594226,0.44254099426004,0.0523231813069498,0.243568203508704,0.0604095117644837,0.246864398386922,0.277911459646844,0.0616285807443194,0.440666403760915,0.047098422299668,0.565173572328528,0.253799916905952,0.452076878553371,0.253468196051918,0.515567310557534,0.0435004366036712,0.0674455908721032,0.636969871564284,0.605222715856554,0.028845728463632
mTORC1i,1.03060276692115,1.33795161286157,1.05016642490435,1.03663751001096,1.05980977908339,1.20237735563896,1.12135658136034,1.02285228054494,1.01790573479447,1.02204164131437,1.30311443419244,1.56813425003262,1.05162077345401,1.07176842138598,1.05949011375924,1.12623094729138,1.14404589423732,1.03026021704718,1.07136798903995,1.32549586033472,1.13904983159413,1.02295000770841,1.50914754821022,1.10424503802627,1.13154826670854,1.11131529083551,1.01841887039244,1.03824408859834,1.11566079368238,1.1334647730334,1.02226773948589,1.07090071041467,1.24856431737225,1.44753329158559,1.16130554438106,1.24338566131771,1.02173836927723,1.10784912189308,1.0199573655232,1.25554360723783,1.068955600951,1.01775869349378,1.08960221641322,3.45331346186395,1.02476762457314,1.02337228538368,1.1719301972768,1.02595448440284,1.01760958380373,1.03442337953848,1.04291438739201,1.01772978877868,1.12254468747325,1.03088185397519,2.31722445094089,1.0174459409558,1.02618710685737,1.02018054514715,1.01608986432591,1.02619259130757,1.07624818404794,1.04161481851252,1.02832580337725,1.0234538171637,1.55253651821177,1.0302772374809,1.01737685436348,1.53106823060035,1.03550133831584,1.27607521225794,1.01797039019206,1.0963235303229,1.02805734064943,1.09651439566565,1.02037129395512,1.71762137559218,1.03342450729343,1.02115240055594,1.45205563392114,1.01747649070469,1.04072308772469,1.01791592658663,1.05268829980544,1.11911309369349,1.08199510663117,1.20646726709048,1.23989340058579,1.03765784208868,1.15353207078038,1.02314529421992,1.02241626474178,1.02954527497805,1.03052089780145,1.08689718935957,1.02302107467725,1.02417587849381,1.01756570551326,1.01758340839392,1.08251305376161,1.03072788634542
GAB2i,1.01750350691529,1.01747571531564,1.01743779547794,1.01744852968459,1.01744585464768,1.01660500500269,1.01808840161094,1.01744639819314,1.01744671309578,1.01744589471234,1.01744587125292,1.01749730772223,1.01749517243557,1.0174465402228,1.01381596098301,1.00166332034754,1.06293425849955,1.01791397152479,1.01745521467345,1.0174452228312,1.01744585542894,1.01619704393631,1.01744585723847,1.01744644714467,1.01744611615738,1.01744585649568,1.01744585680619,1.0174458644312,1.02024747380585,1.01870251978743,1.01786705953381,1.01751540413114,1.01776695087775,1.03407825862111,1.01744585533469,1.01628779736911,1.0174454121185,1.01744592851506,1.01744585817319,1.01744587601803,1.01775060362963,1.01744588420382,1.01744593253076,1.0361532914252,1.01748780208967,1.0177383565582,1.01744586589727,1.01744554436921,1.01744700896447,1.01744584662757,1.01744589938558,1.01744653414137,1.01748301489522,1.01746786875855,1.01744585651456,1.01744658120756,1.01782367957158,1.01744585543115,1.01827152868481,1.01744374716006,1.02974165298983,1.01788114964787,1.01745253235163,1.01744611233588,1.01744586094454,1.01751943526329,1.01744670848935,1.0174458551218,1.0174464182005,1.01752256875926,1.01806003265505,1.01903082858396,1.01745962551344,1.01746591285902,1.01744566458975,1.01744585193059,1.01964257911892,1.01856452370454,1.01744586006086,1.02624180285114,1.01744622101747,1.01744618585546,1.01744605495415,1.01774283029477,1.01744581719038,1.01744592065295,1.01746272699567,1.0174458550518,1.01744585776373,0.910192114859787,1.01784728976722,1.01744585180184,1.01744615338873,1.01744587544043,1.0193050786878,1.01744579138877,1.01744732398795,1.01744645326322,1.01758738479688,1.01877025468587
GAB1i,0.458222553503787,0.747806224993006,0.378719645174742,0.38375622123044,0.0638651616288394,0.587226337252485,0.417221958221251,0.458670744821283,0.451281755753418,0.316221273452222,0.512679261572113,0.109298544883247,0.491952663558571,1.11107476679716,0.290821727400552,0.156497064876621,0.333707203082907,0.406361797900262,0.815655418983404,0.177650237131017,0.291641930405663,1.01744056125907,0.170559205162263,1.11383105274422,0.0827013471202849,0.672826065452308,1.49468876358324,0.195598044314781,1.14207050536856,0.143338009720125,2.24388797430238,3.28524437471156,1.18867562512029,0.959846207595392,0.997873814195987,1.00894487340591,0.429118510286541,0.170208327811271,1.1133783739809,0.42973823334801,0.634536476906579,0.512758361400848,0.14482400690932,0.425267371961463,0.646024888793539,0.566531620981403,0.504218762365869,1.04221468845271,1.3514818294016,0.0901199563246275,0.220645880078994,3.77368010637933,0.0479970422919056,2.26692139697455,2.21740095801124,0.317369976247495,1.14832320435156,1.41675948392932,0.912096812951557,0.0346045586637425,0.939991550935253,1.09061241055343,2.1278631520257,1.25400260499084,0.178697725797162,0.198226375661588,1.09408090383294,2.54932741258976,0.284034019177148,2.3716381945702,0.80025681873127,1.68083818720541,2.70347244317147,0.58343773042437,0.412750043393339,0.146219920940908,1.04740348076962,1.01748922796395,0.901874307165213,0.495463329842753,2.71004830831539,0.482524712996405,0.0981707704289478,0.319543608193303,0.14122263053709,0.302007876968347,0.274862923087752,0.0734547593051783,0.53699868794169,0.0652587866867924,0.684669362797593,0.29999112452529,0.458561086914724,0.325582957854776,0.629378019418526,0.0727020076553982,0.217595055725405,0.73762547351443,0.862378258969704,0.043397325649281
S6Ki,2.32909606658597,1.60585997967365,2.08138853740701,1.07723840669024,1.70611166725061,1.46177339710214,1.18070159145711,1.10257478743387,1.9126019714994,1.25887529963629,2.43853400088969,1.60417216037926,1.05880147952783,1.58063720231878,1.06778381641748,1.52408628319428,1.1895193542107,1.08367022631661,1.71631826572771,2.1095375822192,1.86769444626827,1.13722180893161,1.1265676447696,1.39699477556884,2.1238234146043,1.45055504184075,1.02167762124925,2.65911940704253,1.02019461412789,1.70714856960086,1.52754890050487,1.31179887802695,1.88726487826784,1.29918468473878,1.34761355129222,1.33315639717734,1.03517613985542,1.80939597549859,1.02073037707541,1.49465473507938,1.28006698875311,1.01770809666029,1.35006521182968,1.02460058331228,1.74510790869024,1.17845541935596,1.01771540823363,1.07162589156726,1.01800276551213,1.10068749320399,1.40800548386054,1.01790099483257,2.33590784594429,2.94204359237265,1.64643654003506,1.02094050894758,1.70782078147916,1.20115991585268,1.02073753518025,1.08575858459965,1.07528685382868,1.1296708468972,2.27512032078259,1.09559542931751,1.01787099252415,2.8366952241736,1.06902230908589,1.11782364130682,2.03154767058382,1.34579788296012,1.01751349107275,1.21184109926426,1.09083494459332,1.25642302711664,1.0106338221992,1.53758039378921,1.08578314986971,2.1586680587444,1.05365077144534,1.01777079800144,1.24292465333189,1.01819291119701,1.43255356907559,2.40163797770837,1.35646933005484,2.17966308732283,1.47325631671612,1.39946367734197,1.12860176914023,1.18762057479119,1.01755674589813,1.92297729986273,1.01832641800078,1.99524850843391,1.10781235981118,1.21724034609736,1.01868465069883,1.01762896277126,2.80208284621438,1.0323814580702
MEKi,7.42813787150724,1.71570919135382,3.83897866694999,2.14721430892568,2.04343594822245,1.34361820179413,11.0758538690456,1.28140406163595,2.14184203099735,2.52268351253787,4.67937146192928,1.63357319446324,1.37304618510199,1.24497412083145,1.348893685333,1.67812242991817,1.10015241784425,1.6898844133192,2.6519893741752,2.23946483742948,2.43023132879518,1.36520855848686,1.7190680518191,1.53231685045106,1.67258549011715,1.64053859974404,1.09562438000378,1.07417448004138,1.56810356340563,2.31934587897701,2.62897983707707,3.08011682366688,1.31393316227986,1.04393495865946,1.17680838276489,1.39957568075332,1.58808062373192,2.556488796939,5.12265496070243,1.98061911640232,1.68466665849543,2.51300768773153,1.40203317013862,1.21667967538513,2.19991061217106,0.952499212407773,1.7291605939394,1.72304828937598,1.50391388166622,4.99377232020776,3.77368903474313,2.18486013878966,3.64796664776916,0.959035189795791,2.00689185831668,1.30944061453503,1.44228699255468,1.34317554806838,1.55515360381322,3.00395188603025,1.76346744242063,5.87581090051309,1.03358802095144,2.75863483187288,3.53125003262426,3.44013471454933,0.746222627193244,3.26565626361281,1.48839963240124,4.94871843443797,1.08745534634484,1.63740988809798,2.55868108482496,2.25682726499,1.70359611267794,4.7086611228973,1.52036197080471,3.41779218663707,2.41215170002229,4.55324419699295,4.85370200822729,1.23251980206277,1.4817592455028,2.20497543077839,2.79707092895017,2.11116914916439,1.35301344775926,1.45493936752061,1.6099609374342,1.46308519903537,1.23329842130924,2.01710847497987,1.18074098470288,2.14791247427406,2.01441013349253,3.0002105110052,3.13467877916533,1.19856003801973,2.0728018630665,0.908623142626224
ERKi,7.43458629842535,1.71944975893404,3.84733026113493,2.15223614017278,2.25425604741029,1.41056917393611,11.3083551200542,1.33940621917104,2.2209379332233,2.54487072391158,4.68762086770749,1.63369683370277,1.38408582720628,1.24594637313404,1.49732879304527,1.68195308239106,1.10045482894448,2.54909684850085,2.68432902146257,2.23951446686192,2.73706490946228,1.36735718612187,1.72312721171507,1.60473415752539,1.67318126979301,1.68869227925874,1.09846751964323,1.14062563456377,1.56883713135052,2.48501802671321,2.64700871163765,3.08608072602017,1.44111049778809,1.04594210386857,1.36460423536185,1.40687247702466,1.6465302818763,2.55721908950386,5.18402542656318,1.98133648703247,1.68600809451667,2.51561817639135,1.40261867935097,1.21861686478163,2.20023796895764,0.952733480292209,1.74057592292973,1.74489346954925,1.69155186338383,5.01457382120617,3.77389637942153,2.23822872830809,3.64816980111375,0.989918195331195,2.01277816857766,1.31151109402531,1.45506361958436,1.51206103140093,1.63714742860937,3.00422723635654,1.78124688195644,5.88501320458382,1.0338468509506,2.77836482218593,3.69965716110225,3.4410408767563,0.746869798164908,3.59094834382376,1.48865838969639,5.03600810248782,1.24321816831586,1.64282176279058,2.55886121441648,2.45892477597686,1.73243700416982,4.73098154748631,1.51455949227551,3.41847001894023,2.65874209151536,4.5534143276404,4.95304074165375,1.28531380989309,1.48198477519769,2.21223492015306,2.80220649313878,2.11802239765089,1.35855611168872,2.35108590425261,1.61061463664593,2.61172090765122,1.28866531304641,2.5494962620376,1.23795528499659,2.15576542327303,2.01705434169435,3.50575822589955,3.15221634914223,1.2187872448147,2.07326462212797,0.909015717044191
Rafi,7.4277516256559,1.71573332735903,3.83897518008002,2.14712485464634,2.04338798223119,1.34328260999816,11.0618641274282,1.28131997442347,2.14168845678326,2.52266682429995,4.67701902136463,1.63351220888657,1.3730697727613,1.24482092305873,1.34739916938977,1.67810843619661,1.10017471011906,1.68869323320377,2.6522036184477,2.23946045314109,2.4333680162774,1.36517894562182,1.71902647587857,1.53231433964362,1.67338223714059,1.64051878135888,1.09626865452722,1.07409411769794,1.56822044588959,2.31933991376879,2.62898847789492,3.07950992279982,1.31370733748677,1.04393271859556,1.17683210624168,1.40039548766306,1.57759518766692,2.55650313842351,5.11959505982081,1.9806038570025,1.68446064436622,2.51298062015236,1.40200219426567,1.21679033980923,2.19991151400047,0.95276436462799,1.72929557696663,1.72341843344137,1.50319709517466,4.99375083352999,3.7736265827967,2.18498610292842,3.64792647190321,0.959247250545314,2.00727402228597,1.3094883267989,1.43966447998689,1.34320731024297,1.55377581833731,3.00367973225192,1.76557546664638,5.87590538193465,1.03362836905339,2.75889124289555,3.53113825253261,3.44011010929074,0.746614544513327,3.26229331511785,1.48833904007061,4.9337636708644,1.08751855109705,1.63741039612194,2.55868795887228,2.25372032637346,1.69642862720079,4.7085884407311,1.51324798312876,3.41733709600954,2.41215044979957,4.55307800365484,4.85449626395306,1.23240015006933,1.48176246817738,2.204969283603,2.79702734672749,2.11116284866469,1.35298922699186,1.45494141499873,1.61002667367494,1.44872149903787,1.23336555414362,2.01547987910664,1.18026567127571,2.14791117085227,2.01440929784993,3.0001493697579,3.13434393417454,1.19761458870502,2.07280008006807,0.908705713289005
Shp2i,8.82627323294191,0.775541342633541,22.5371331572278,2.76341361609604,28.1214206947523,0.659943964677527,0.460840437662053,0.455851443546842,33.8228972741393,0.361722029955999,1.01783636859436,94.6998117364461,0.493563740137701,1.13332446984717,0.233812538952951,1.53773809902408,0.318042209028872,0.379296436596471,8.60290149191247,0.199911771343135,0.488641043074958,1.25865561276191,21.4416540361946,1.34761557037602,71.9222474644957,0.821673620317055,NaN,0.198651127680804,22.8026456225764,0.210546322910667,2.29471058630797,3.42509123936577,1.46932168387915,1.03613308338142,1.02594897364982,56.2159734945587,0.421241487094314,0.170188509442963,1.25772342589002,0.599210833129796,NaN,0.732118422975531,0.141807272049021,35.3897978774571,3.80747929278321,1.84357064507791,0.571592940039259,8.43613804646413,1.77645875741913,0.142949845137041,0.28546823652021,5.35617795579864,3.94432255690135,2.32674060691325,69.294916737273,3.52052599224482,1.3159863695746,1.76586378809884,1.03312773824191,18.3544247586487,1.01744586352291,4.0730550197938,2.32617038690371,2.37332936180014,19.2484796871012,0.688287288806233,1.389453272966,2.53791346243476,0.469536078070038,2.38272891558443,0.916794112206777,1.84801762256257,2.71572776498497,0.759644006524857,0.627218924204436,0.731206128371319,1.89680695771207,10531.1219259542,0.911394996209876,55.1615653447378,2.63864925501603,0.659125475400408,0.107538772744384,0.487881849389127,0.24721828470426,0.492891953732634,NaN,0.161229832569638,0.765586303035478,0.0760549533910316,1.06551767997737,3.59990784889457,0.457864921430317,0.518767930447138,0.648305845623228,0.0728182862439269,0.780880137025332,0.761199150933285,2.5511397915091,NaN
FRS2i,1.42165841110447,2.96185262830736,1.06267715963043,1.12198882281246,1.38538392449359,1.18776944668379,1.27408364885087,1.35148168071316,1.06195549281085,1.05086921921671,1.14676563492402,0.92701620295863,1.56543957800166,1.79722480764638,1.01323667519106,1.06086244609742,0.815124723831702,1.48607354193949,2.16590657372527,1.01272876400767,1.57566484060198,1.07162975270192,1.19199486703812,3.80696308860535,1.01824530257083,1.33260054572333,0.847891307588443,1.02344281728497,1.16875471521905,1.42624360275437,1.18987296757911,3.53657251459423,1.20129733766299,1.23432759919745,1.09086261053903,1.3155390556646,1.96031403641391,1.18772658789061,1.14798683488407,1.03942897202099,1.41614133580753,0.936885483721611,1.04743818662222,0.791769059263227,0.994815627241371,0.806228764999702,1.04871928711251,1.28516921371585,1.3595976093166,1.97588601382461,1.74947463935107,1.07618341213125,1.11414384273647,17.4141424805964,1.00104067040453,0.686828192014394,1.31326720111892,1.18125379723001,1.34373494359983,2.31548015735545,1.56667912786682,2.65864067994513,2.78024840203366,1.09204762173697,1.37360131784935,1.09993998603958,0.955242958935471,3.36171903814152,0.958285333902618,7.24707641175837,2.72103832754923,4.70889389975544,1.04229030682512,1.7002974639048,2.74284257113935,1.02348326996134,1.02256894846105,7.69317357083655,2.26107376794505,1.08098455771141,1.93916357195546,1.48305474056507,1.02544875265619,2.37894820739815,2.31525306030964,2.3645670839035,1.21982783361814,1.62667463155775,1.14121349898444,1.82632150477984,3.22058231876974,1.11839465360112,1.27614971616482,2.43067755732281,2.19898605836239,2.67584103507875,1.73216024589745,1.41238566967257,1.01246396686618,1.03326260529781
Rasi,8.99043121104908,0.755324082836375,22.5361819622358,2.74456784133967,23.8348293246585,0.625924712074349,0.443313203675641,0.475533516780285,33.6490023563951,0.36260051202049,1.02737155641816,87.8654611829757,0.493976673306679,1.90679917079974,0.236522297800271,1.54261084871848,0.32240865599888,0.382442774274196,8.67328762923122,0.186825157079729,0.45918271382795,1.27214340100515,22.5780224938947,1.77431522999805,68.7920066390353,0.839044484697809,NaN,0.208220674477185,22.7469745272821,0.217369244497444,2.29471315604971,3.469565765319,1.640292865929,1.12788217046764,1.02834845287678,55.8029544337983,0.37026671231487,0.171274413610715,1.25756248762965,0.605753614652424,NaN,0.782524583810894,0.124878822340944,35.3355164844937,3.88384291106528,1.84853811491096,0.579146405458901,8.57154883775066,1.77639844504476,0.143888398714405,0.294094636093304,5.41669558927165,3.79433635027354,2.32770218700102,67.6476257832554,3.65399276604753,1.31802690023707,1.72418485829414,1.03391340105169,18.4054478836999,2.15265850300143,4.07323630166813,2.32623807996925,2.37303922701647,19.2605699280376,0.70734507229856,1.77220439301793,2.5463542511424,0.519366062020068,2.36865293854131,0.949564493201559,1.88303360657775,2.71609466982014,0.767074466560783,0.635026542825927,0.747040777212727,1.89672888317004,46073106334.1919,0.996664643975956,55.8894673428403,2.6346022178687,0.665696977619505,0.107530657645675,0.447225551472274,0.247683153882671,0.49328680022916,NaN,0.16327497039587,0.834315970101599,0.0777127389665542,1.0773533804302,4.34079139347367,0.467419474118937,0.492446331684376,0.64227056283177,0.0738647458190189,0.959828434054221,0.789297433454138,2.89603283880374,NaN
Grb2i,3.82225891051218,1.36945061498112,2.49098284394968,2.2747714492806,3.06737726941837,1.18985363487966,3.0489350491959,1.29868876310207,2.51380188309388,2.78863290667459,3.55556846879356,2.23486009058808,1.63292458512939,1.68425824885545,1.40822985698849,1.85839677177428,0.844862904597912,1.23265274785421,1.09204557592403,1.78148524979343,2.94700604461197,1.22981653415525,1.72381445432335,1.74770814304415,2.20784570909984,1.46045417052443,1.60509108629939,1.13764365900972,1.57541290965962,1.60077501429745,1.15438143554143,3.51177147982435,0.997431225732768,1.11851951252552,1.19452960320157,0.767450335811533,1.87531735666349,1.98180809893817,1.2438346340459,2.24599842424882,1.23082125720405,2.44030361684567,1.56802593053611,0.697381003479506,3.19063599239185,0.735148346524335,2.13378104530208,1.17954454945296,1.73192334502457,2.09480182393705,1.65760242278804,1.53403229042684,2.15331789051788,5.4019736464483,1.91067400891226,0.80191999781873,1.11346542790232,1.26056851275172,1.18281486778677,2.43506946674824,2.04093222153887,2.46727562380826,2.82256286740086,2.27730750441382,1.61062210287399,2.32559223196193,1.23134441738423,2.63059883987013,2.04193826132215,2.88310920529541,2.61533992303039,2.33198600836447,2.01393372834732,1.49721045243943,2.02886448669174,2.83055900196368,1.61718790710103,1.13965528954371,1.42774618303848,1.32234955362642,1.49048404230587,1.22581157030448,1.68214865788485,2.05533399298983,1.84364481564114,2.23840527404035,1.20913720749614,2.00122527033944,1.00126443404631,1.85868603723578,2.57358745155166,2.14817288619092,1.20721183231657,2.04883761028179,1.82491860890067,1.85811960152553,2.54706794291872,1.24212249196108,3.24309630298187,1.11884067970805
